{
  "hash": "5b342122",
  "configHash": "f95b4505",
  "lockfileHash": "a736f210",
  "browserHash": "3fd0b59a",
  "optimized": {
    "@angular/common": {
      "src": "../../../../../../node_modules/.pnpm/@angular+common@18.2.13_@an_e561c2dc4d4bcc2ef44a89d575aefe84/node_modules/@angular/common/fesm2022/common.mjs",
      "file": "@angular_common.js",
      "fileHash": "8291cddc",
      "needsInterop": false
    },
    "@angular/core": {
      "src": "../../../../../../node_modules/.pnpm/@angular+core@18.2.13_rxjs@7.8.2_zone.js@0.14.10/node_modules/@angular/core/fesm2022/core.mjs",
      "file": "@angular_core.js",
      "fileHash": "ec451f2c",
      "needsInterop": false
    },
    "@angular/platform-browser": {
      "src": "../../../../../../node_modules/.pnpm/@angular+platform-browser@1_4edd299b460bb6579aac60aab2b59090/node_modules/@angular/platform-browser/fesm2022/platform-browser.mjs",
      "file": "@angular_platform-browser.js",
      "fileHash": "a790ebc7",
      "needsInterop": false
    },
    "@angular/router": {
      "src": "../../../../../../node_modules/.pnpm/@angular+router@18.2.13_@an_210ba6d528c0eb6ee4de9b48f0912eda/node_modules/@angular/router/fesm2022/router.mjs",
      "file": "@angular_router.js",
      "fileHash": "d48cd4a7",
      "needsInterop": false
    }
  },
  "chunks": {
    "chunk-6O4XGCHR": {
      "file": "chunk-6O4XGCHR.js"
    },
    "chunk-SOH3V2KY": {
      "file": "chunk-SOH3V2KY.js"
    },
    "chunk-3W6N2Y4A": {
      "file": "chunk-3W6N2Y4A.js"
    }
  }
}