{
  "hash": "7bc1e737",
  "configHash": "7ce2f369",
  "lockfileHash": "a736f210",
  "browserHash": "14bf62f2",
  "optimized": {
    "@angular/common": {
      "src": "../../../../../../node_modules/.pnpm/@angular+common@18.2.13_@an_e561c2dc4d4bcc2ef44a89d575aefe84/node_modules/@angular/common/fesm2022/common.mjs",
      "file": "@angular_common.js",
      "fileHash": "a37f835c",
      "needsInterop": false
    },
    "@angular/core": {
      "src": "../../../../../../node_modules/.pnpm/@angular+core@18.2.13_rxjs@7.8.2_zone.js@0.14.10/node_modules/@angular/core/fesm2022/core.mjs",
      "file": "@angular_core.js",
      "fileHash": "7b827efc",
      "needsInterop": false
    },
    "@angular/platform-browser": {
      "src": "../../../../../../node_modules/.pnpm/@angular+platform-browser@1_4edd299b460bb6579aac60aab2b59090/node_modules/@angular/platform-browser/fesm2022/platform-browser.mjs",
      "file": "@angular_platform-browser.js",
      "fileHash": "55322b25",
      "needsInterop": false
    },
    "@angular/platform-server": {
      "src": "../../../../../../node_modules/.pnpm/@angular+platform-server@18_1470369f1adc5694eb8737f96de7647e/node_modules/@angular/platform-server/fesm2022/platform-server.mjs",
      "file": "@angular_platform-server.js",
      "fileHash": "4e94c45e",
      "needsInterop": false
    },
    "@angular/router": {
      "src": "../../../../../../node_modules/.pnpm/@angular+router@18.2.13_@an_210ba6d528c0eb6ee4de9b48f0912eda/node_modules/@angular/router/fesm2022/router.mjs",
      "file": "@angular_router.js",
      "fileHash": "a391581e",
      "needsInterop": false
    }
  },
  "chunks": {
    "chunk-FWYXX2GW": {
      "file": "chunk-FWYXX2GW.js"
    },
    "chunk-4J5HEDKA": {
      "file": "chunk-4J5HEDKA.js"
    },
    "chunk-AVH3H6ED": {
      "file": "chunk-AVH3H6ED.js"
    },
    "xhr2-AQ4WLT4J": {
      "file": "xhr2-AQ4WLT4J.js"
    },
    "chunk-NQ4HTGF6": {
      "file": "chunk-NQ4HTGF6.js"
    }
  }
}